id,title,score,num_comments,author,created_utc,url,over_18,edited,spoiler,stickied
1foenrh,"Airbyte launches 1.0 with Marketplace, AI Assist, Enterprise GA and GenAI support",85,21,jeanlaf,2024-09-24 15:02:49,https://www.reddit.com/r/dataengineering/comments/1foenrh/airbyte_launches_10_with_marketplace_ai_assist/,False,False,False,False
1fnv9ma,"Former data analysts who switched to data engineering, would you apply or go back to being a data analyst for higher pay?",47,37,Fit_Highway5925,2024-09-23 20:59:20,https://www.reddit.com/r/dataengineering/comments/1fnv9ma/former_data_analysts_who_switched_to_data/,False,False,False,False
1fo6fak,Gracefully Handling ETL Pipeline Failures? ,21,6,riya_techie,2024-09-24 06:56:12,https://www.reddit.com/r/dataengineering/comments/1fo6fak/gracefully_handling_etl_pipeline_failures/,False,False,False,False
1fodcn6,Embedded ingestion: How PostHog passes OSS savings onto users,18,1,Thinker_Assignment,2024-09-24 14:06:39,https://www.reddit.com/r/dataengineering/comments/1fodcn6/embedded_ingestion_how_posthog_passes_oss_savings/,False,False,False,False
1fobozk,Apache Cassandra,17,8,CrystalKite,2024-09-24 12:50:26,https://www.reddit.com/r/dataengineering/comments/1fobozk/apache_cassandra/,False,False,False,False
1fo5xvx,Does airbyte support upserts into iceberg directly?,15,3,confucius-24,2024-09-24 06:21:24,https://www.reddit.com/r/dataengineering/comments/1fo5xvx/does_airbyte_support_upserts_into_iceberg_directly/,False,False,False,False
1fo8ysv,Page / Newsletter for DE research ,10,3,hugsond,2024-09-24 10:12:05,https://www.reddit.com/r/dataengineering/comments/1fo8ysv/page_newsletter_for_de_research/,False,False,False,False
1foea1h,Journey From Data Warehouse To Lake To Lakehouse,9,1,TheLostWanderer47,2024-09-24 14:46:56,https://differ.blog/inplainenglish/journey-from-data-warehouse-to-lake-to-lakehouse-8a536f,False,False,False,False
1fo27f6,Joseph Machado - Efficient Data Processing in Spark - Worth $249?,10,7,3n91n33r,2024-09-24 02:32:46,https://www.reddit.com/r/dataengineering/comments/1fo27f6/joseph_machado_efficient_data_processing_in_spark/,False,False,False,False
1fnxibo,Pentaho,8,7,Tayvodenn18,2024-09-23 22:38:23,https://www.reddit.com/r/dataengineering/comments/1fnxibo/pentaho/,False,False,False,False
1fof0wx,What is the best Table Format - Iceberg / Hudi / Delta Lake ?,7,4,Eastern-Sun-3356,2024-09-24 15:18:13,https://www.reddit.com/r/dataengineering/comments/1fof0wx/what_is_the_best_table_format_iceberg_hudi_delta/,False,False,False,False
1foblpk,What can I use to match  similar products together?,6,2,Strange-End3050,2024-09-24 12:45:52,https://www.reddit.com/r/dataengineering/comments/1foblpk/what_can_i_use_to_match_similar_products_together/,False,False,False,False
1fobupr,How do you create documentation for SSIS?,6,2,suhigor,2024-09-24 12:58:16,https://www.reddit.com/r/dataengineering/comments/1fobupr/how_do_you_create_documentation_for_ssis/,False,False,False,False
1fo8m65,Great Expectations and AWS Fargate,6,1,Odd_Shine2029,2024-09-24 09:47:04,https://www.reddit.com/r/dataengineering/comments/1fo8m65/great_expectations_and_aws_fargate/,False,False,False,False
1foebsj,Dask and Argo,4,1,burn_in_flames,2024-09-24 14:48:59,https://www.reddit.com/r/dataengineering/comments/1foebsj/dask_and_argo/,False,False,False,False
1foaxwe,AWS CDK Using Python (Only for Data Engineering),3,1,Technical-Tap-5424,2024-09-24 12:11:52,https://www.reddit.com/r/dataengineering/comments/1foaxwe/aws_cdk_using_python_only_for_data_engineering/,False,False,False,False
1fo9v0x,Implementing Rollback for Data Insertion in S3 and Athena upon Data Quality Check Failure,4,1,Least_Breath77,2024-09-24 11:10:04,https://www.reddit.com/r/dataengineering/comments/1fo9v0x/implementing_rollback_for_data_insertion_in_s3/,False,False,False,False
1fnul7q,FREE MICROSOFT CERTIFICATION,3,1,Tushar_Bhosale,2024-09-23 20:30:49,https://learn.microsoft.com/en-in/training/paths/microsoft-azure-fundamentals-describe-cloud-concepts/?wt.mc_id=studentamb_349726,False,False,False,False
1fojnzt,CXOs love Data Mesh,4,0,fusetron,2024-09-24 18:30:54,https://www.reddit.com/r/dataengineering/comments/1fojnzt/cxos_love_data_mesh/,False,False,False,False
1fodckj,Delta live table best practices,3,0,caseym,2024-09-24 14:06:33,https://www.reddit.com/r/dataengineering/comments/1fodckj/delta_live_table_best_practices/,False,False,False,False
1focirs,Amazon Kinesis Vs. Confluent Kafka,3,12,khaili109,2024-09-24 13:29:46,https://www.reddit.com/r/dataengineering/comments/1focirs/amazon_kinesis_vs_confluent_kafka/,False,False,False,False
1fo6bqa,[Newbie question] What are the ways to extract data from a PDF with unstructured/fake tables?,2,5,Rokexe,2024-09-24 06:49:01,https://www.reddit.com/r/dataengineering/comments/1fo6bqa/newbie_question_what_are_the_ways_to_extract_data/,False,False,False,False
1fojlau,Normalizing Data from Evolving CSV Files â€” Best Tools/Approach?,2,0,Asleep-Importance-10,2024-09-24 18:27:53,https://www.reddit.com/r/dataengineering/comments/1fojlau/normalizing_data_from_evolving_csv_files_best/,False,False,False,False
1fohjdl,Technical test for data engineer job,2,0,West-Veterinarian-59,2024-09-24 17:03:12,https://www.reddit.com/r/dataengineering/comments/1fohjdl/technical_test_for_data_engineer_job/,False,False,False,False
1fo1o28,Apache Nifi,2,1,Adorable-Shoe-6887,2024-09-24 02:04:42,https://www.reddit.com/r/dataengineering/comments/1fo1o28/apache_nifi/,False,False,False,False
1fok16t,What were the tasks that you did as a SWE that made you consider Data engineering?,1,1,Equivalent_Tough_651,2024-09-24 18:45:53,https://www.reddit.com/r/dataengineering/comments/1fok16t/what_were_the_tasks_that_you_did_as_a_swe_that/,False,False,False,False
1fofcm3,Consulting vs. inhouse,1,1,Garbage-kun,2024-09-24 15:32:00,https://www.reddit.com/r/dataengineering/comments/1fofcm3/consulting_vs_inhouse/,False,False,False,False
1fnul5e,Transformation/Loading Best practices ,1,2,Sufficient-Buy-2270,2024-09-23 20:30:45,https://www.reddit.com/r/dataengineering/comments/1fnul5e/transformationloading_best_practices/,False,False,False,False
1fntmrw,Web crawler using LLMs,0,6,Franqk_,2024-09-23 19:51:09,https://www.reddit.com/r/dataengineering/comments/1fntmrw/web_crawler_using_llms/,False,False,False,False
